meas_id,cmp_type,cmp_id,meas_type,meas_var,phase,dst,val,sigma
1,bus,3,G,vm,"[1, 2, 3]",Normal,"[0.9635478382264484, 0.9817566083952078, 0.9767784466759567]","[0.005, 0.005, 0.005]"
2,bus,4,G,vm,"[1, 2, 3]",Normal,"[0.9959, 0.9959, 0.9959]","[0.005, 0.005, 0.005]"
